code,name,Median Age,Population Density ,Population Density Deciles,Age 0-15,Age 65+,Age 85+,Working age 16-64,Age 70+,Domestic Mean kWh,Non Domestic Mean kWh,Mean kWh,Domestic kWh,Domestic kWh / Density,Non Domestic kWh / Density,Total kWh / Density
E06000001,Hartlepool,41.7,999,7,19.2,19.4,2.5,61.4,13.9,3724,132862,12339,12,4,133,12
E06000002,Middlesbrough,36.3,2616,9,21.1,16.4,2,62.5,11.7,3861,134578,12349,5,1,51,5
E06000003,Redcar and Cleveland,45.2,560,6,18.1,22.6,2.7,59.3,16.6,3959,269022,19075,34,7,480,34
E06000004,Stockton-on-Tees,40.7,963,7,20,18.5,2.3,61.6,13.1,4003,193857,15206,16,4,201,16
E06000005,Darlington,43.2,541,5,18.9,20.5,2.7,60.6,15.1,4047,88758,9971,18,7,164,18
E06000006,Halton,40.9,1636,8,20,18.4,1.9,61.6,12.6,4125,181542,15066,9,3,111,9
E06000007,Warrington,42.3,1163,7,18.9,18.9,2.2,62.2,13.8,4304,125243,12275,11,4,108,11
E06000008,Blackburn with Darwen,36.5,1092,7,23.1,14.5,1.6,62.4,10.2,4570,113761,13611,12,4,104,12
E06000009,Blackpool,43.4,3999,9,18.8,20.4,2.6,60.8,15.1,4877,55587,9891,2,1,14,2
E06000010,"Kingston upon Hull, City of",35.8,3629,9,20.1,15.1,1.8,64.8,10.7,4095,111362,11237,3,1,31,3
E06000011,East Riding of Yorkshire,49.2,142,2,16.4,26.2,3.2,57.4,19.2,4699,72764,10149,71,33,512,71
E06000012,North East Lincolnshire,42.6,828,6,19.5,20.6,2.8,59.9,15.1,4241,136177,12675,15,5,164,15
E06000013,North Lincolnshire,44.3,204,3,18.5,21.3,2.6,60.2,15.2,4336,192301,18971,93,21,943,93
E06000014,York,37.7,775,6,15.6,18.4,2.6,66,13.7,4178,75454,9612,12,5,97,12
E06000015,Derby,37,3297,9,21,16.5,2.5,62.6,12.2,4235,107683,10997,3,1,33,3
E06000016,Leicester,31.6,4830,10,21.5,12.2,1.7,66.4,8.4,3858,90935,12070,3,1,19,3
E06000017,Rutland,47.6,105,2,16.9,25.5,3.4,57.6,18.9,5428,216587,26961,257,52,2063,257
E06000018,Nottingham,29.7,4462,10,18.8,11.6,1.7,69.6,8.2,4017,84353,10985,2,1,19,2
E06000019,"Herefordshire, County of",47.4,88,1,16.7,24.7,3.3,58.6,18.1,5731,67068,12610,143,65,762,143
E06000020,Telford and Wrekin,39.5,620,6,20.6,17.3,1.8,62.1,12.2,4641,145023,15251,25,7,234,25
E06000021,Stoke-on-Trent,37.8,2743,9,20.5,17.2,2,62.3,12.3,4088,96321,11115,4,1,35,4
E06000022,Bath and North East Somerset,38.2,559,6,16.7,19,2.8,64.3,14.1,4763,53593,9700,17,9,96,17
E06000023,"Bristol, City of",32.4,4224,10,18.5,13,2,68.5,9.5,4223,73460,10519,2,1,17,2
E06000024,North Somerset,46,575,6,18.2,24,3.4,57.8,18.1,4617,58772,8978,16,8,102,16
E06000025,South Gloucestershire,40.6,574,6,18.8,18.8,2.6,62.4,14,4901,153592,14028,24,9,268,24
E06000026,Plymouth,38.6,3282,9,18.2,18.5,2.5,63.3,13.6,4181,92370,10201,3,1,28,3
E06000027,Torbay,49.1,2167,8,16.8,26.9,3.8,56.4,20.1,4490,48392,8624,4,2,22,4
E06000030,Swindon,40.1,966,7,20.5,16.3,2.1,63.2,11.6,4406,155087,14380,15,5,161,15
E06000031,Peterborough,36.7,589,6,23.4,14.9,2.1,61.7,10.6,4324,109998,12826,22,7,187,22
E06000032,Luton,34.6,4914,10,24.5,12.6,1.8,62.9,9.1,4340,92076,10386,2,1,19,2
E06000033,Southend-on-Sea,41.8,4394,10,19.6,19.5,3,60.9,14.4,4591,54566,8737,2,1,12,2
E06000034,Thurrock,36.9,1064,7,23.3,13.8,1.6,62.9,9.7,4815,184701,16492,16,5,174,16
E06000035,Medway,38.2,1438,7,21,16.1,1.8,62.9,11.5,4405,67006,8897,6,3,47,6
E06000036,Bracknell Forest,39.3,1120,7,20.7,14.7,1.8,64.6,10.4,5041,155135,14078,13,5,139,13
E06000037,West Berkshire,43.5,225,3,19.9,19.3,2.4,60.8,13.9,5746,88457,13624,61,26,393,61
E06000038,Reading,34.8,4005,9,20.9,12.5,1.8,66.6,9.1,4651,101554,13706,3,1,25,3
E06000039,Slough,35,4595,10,26.4,10.2,1.3,63.4,6.8,4324,89032,10632,2,1,19,2
E06000040,Windsor and Maidenhead,42.3,771,6,20.3,18.8,3,60.9,14.1,5265,74031,11759,15,7,96,15
E06000041,Wokingham,41.6,956,7,21.2,17.6,2.5,61.2,13.1,5242,105081,10960,11,5,110,11
E06000042,Milton Keynes,38,873,6,23.2,14.2,1.6,62.6,9.7,4583,155274,15061,17,5,178,17
E06000043,Brighton and Hove,35.3,3512,9,15.4,13.4,2.1,71.2,9.7,4161,40422,8163,2,1,12,2
E06000044,Portsmouth,34.1,5321,10,18.4,14.2,2,67.4,10.4,4192,99018,11629,2,1,19,2
E06000045,Southampton,32.3,5062,10,18.5,13.4,1.9,68.1,9.7,4630,89754,11458,2,1,18,2
E06000046,Isle of Wight,50.6,373,5,15.5,28.3,3.8,56.1,21,4689,42265,8403,23,13,113,23
E06000047,County Durham,43.4,238,4,17.2,20.8,2.4,62,15,3499,81623,8193,34,15,343,34
E06000049,Cheshire East,46.4,329,4,18,23,3.2,59,17,4497,80439,10360,31,14,245,31
E06000050,Cheshire West and Chester,44.5,373,5,18,21.6,2.8,60.4,15.8,4199,158255,15234,41,11,424,41
E06000051,Shropshire,47.8,101,2,16.4,24.7,3.2,58.9,18.1,4643,58401,10278,102,46,578,102
E06000052,Cornwall,47.6,161,3,17,25,3.1,58,18.3,5053,44931,9421,59,31,279,59
E06000053,Isles of Scilly,48.2,136,2,14.3,26.1,4,59.6,19.9,7613,24180,11870,87,56,178,87
E06000054,Wiltshire,44.9,154,2,18.9,21.7,3,59.4,16,4901,59335,9930,64,32,385,64
E06000055,Bedford,40.5,364,4,21.1,17.8,2.6,61.1,13,4682,79417,10701,29,13,218,29
E06000056,Central Bedfordshire,41.1,403,5,19.9,17.9,2.2,62.2,13,4496,71453,9072,23,11,177,23
E06000057,Northumberland,48.4,64,1,16.3,24.7,3,59,17.8,3992,78513,9852,154,62,1227,154
E06000058,"Bournemouth, Christchurch and Poole",42.7,2439,8,17.2,21.8,3.6,60.9,16.5,3709,52035,7855,3,2,21,3
E06000059,Dorset,51,152,2,15.8,29.1,4.1,55.1,21.7,4170,43969,8281,54,27,289,54
E06000060,Buckinghamshire,42.2,348,4,20.7,18.9,2.8,60.4,14,4664,55407,8782,25,13,159,25
E07000008,Cambridge,30.3,3066,9,17.4,13.1,2.2,69.5,9.5,4269,95306,13902,5,1,31,5
E07000009,East Cambridgeshire,43.4,138,2,19.7,20.4,2.7,59.9,14.9,5326,61580,10416,75,39,446,75
E07000010,Fenland,45,186,3,17.9,23,3.2,59.1,16.9,5016,90169,12514,67,27,485,67
E07000011,Huntingdonshire,43.5,196,3,18.5,20.2,2.5,61.3,14.8,5026,110252,14071,72,26,563,72
E07000012,South Cambridgeshire,43.1,176,3,20.1,19.6,2.7,60.3,14.5,5503,97602,13154,75,31,555,75
E07000026,Allerdale,48.3,79,1,16.4,24.7,3.2,58.9,18,4913,119977,17322,219,62,1519,219
E07000027,Barrow-in-Furness,45,861,6,17.6,21.8,2.4,60.7,15.9,4150,177941,15216,18,5,207,18
E07000028,Carlisle,45.1,105,2,17.8,21.9,2.9,60.3,15.9,4748,91142,12965,123,45,868,123
E07000029,Copeland,47.1,93,2,16.8,22.7,2.6,60.4,16.4,4735,45267,8157,88,51,487,88
E07000030,Eden,50.8,25,1,15.1,27,3.6,57.9,19.5,6230,84062,17934,717,249,3362,717
E07000031,South Lakeland,51.3,68,1,14.8,28.5,4.1,56.7,21.3,5416,53403,11303,166,80,785,166
E07000032,Amber Valley,46.1,483,5,16.8,22.2,2.7,61,16.1,4530,110314,12189,25,9,228,25
E07000033,Bolsover,44,502,5,17.7,20.1,2.3,62.2,14.4,3959,96925,9310,19,8,193,19
E07000034,Chesterfield,44.6,1589,8,17,21.2,2.8,61.8,15.4,3745,91721,10808,7,2,58,7
E07000035,Derbyshire Dales,51.1,91,1,15,27.2,3.4,57.8,19.8,5151,72289,13667,150,57,794,150
E07000036,Erewash,43.9,1052,7,17.9,20.6,2.9,61.5,15.3,4296,90476,10051,10,4,86,10
E07000037,High Peak,46.1,172,3,17.1,21.3,2.5,61.6,15.2,4967,193091,20494,119,29,1123,119
E07000038,North East Derbyshire,47.9,368,5,16.4,24.8,2.8,58.8,18.3,4181,110873,10913,30,11,301,30
E07000039,South Derbyshire,42,317,4,18.8,18.4,2.1,62.9,13,4804,135556,13396,42,15,428,42
E07000040,East Devon,51.2,180,3,16,30.4,4.7,53.7,23.1,4837,34023,7750,43,27,189,43
E07000041,Exeter,33.6,2794,9,15.5,16,2.6,68.4,11.9,4250,73010,10902,4,2,26,4
E07000042,Mid Devon,46.7,90,1,18.4,23.5,3.1,58.1,17,5540,48679,10938,122,62,541,122
E07000043,North Devon,48,89,1,17.4,25.3,3.4,57.4,18.9,5044,48344,10801,121,57,543,121
E07000044,South Hams,51.5,98,2,15.8,28.3,3.5,56,20.5,5402,57010,11642,119,55,582,119
E07000045,Teignbridge,49.4,199,3,16.2,26.6,3.8,57.2,19.5,4988,39659,8472,43,25,199,43
E07000046,Torridge,50.7,69,1,16,27.7,3.4,56.3,19.9,5369,33186,9005,131,78,481,131
E07000047,West Devon,51.3,48,1,15.9,28,3.7,56.1,20.5,5508,39558,10276,214,115,824,214
E07000061,Eastbourne,45.8,2349,8,17.3,25.1,4.4,57.6,19.2,4021,43893,8025,3,2,19,3
E07000062,Hastings,43.4,3110,9,18.5,20.3,2.8,61.1,14.7,4242,40476,7919,3,1,13,3
E07000063,Lewes,48,354,4,17.1,25.8,4.1,57,19.4,4813,46408,8559,24,14,131,24
E07000064,Rother,53.1,189,3,15,32.1,4.8,52.8,24.4,5072,36094,8301,44,27,191,44
E07000065,Wealden,49,194,3,17.1,26.1,3.7,56.8,19.6,5503,31259,8087,42,28,161,42
E07000066,Basildon,39.3,1702,8,21.1,17.2,2.3,61.7,12.7,4781,96105,11288,7,3,56,7
E07000067,Braintree,43.6,249,4,19.2,20.4,2.6,60.4,14.9,5193,63393,9943,40,21,255,40
E07000068,Brentwood,43.3,503,5,18.7,20.4,3.4,60.9,15.5,5149,65831,9851,20,10,131,20
E07000069,Castle Point,46.9,2023,8,17.1,25.4,3,57.5,19,4951,42775,7117,4,2,21,4
E07000070,Chelmsford,41.6,527,5,19.1,19.2,2.7,61.6,14.3,5267,74408,10361,20,10,141,20
E07000071,Colchester,37.8,593,6,18.8,17.3,2.2,63.9,12.7,4785,70261,10220,17,8,118,17
E07000072,Epping Forest,42.7,388,5,19.1,19.7,3,61.3,14.7,5350,46076,8846,23,14,119,23
E07000073,Harlow,37.5,2851,9,22.7,15.4,2.4,61.9,11.1,4121,133398,13706,5,1,47,5
E07000074,Maldon,49.2,181,3,16.3,25.3,3,58.3,18.5,5779,79350,12428,69,32,438,69
E07000075,Rochford,46.2,522,5,17.3,23.2,3,59.5,17.4,5001,67477,9045,17,10,129,17
E07000076,Tendring,50.8,436,5,16.4,29.8,4,53.7,22.6,4824,47895,8121,19,11,110,19
E07000077,Uttlesford,43.9,142,2,19.9,19.6,2.8,60.5,14.4,5761,67682,12150,86,41,477,86
E07000078,Cheltenham,40.7,2496,8,17.7,19.7,3.1,62.6,14.7,4778,88433,11272,5,2,35,5
E07000079,Cotswold,49.1,77,1,16.5,25.9,3.6,57.6,19.1,6139,37816,10016,130,80,491,130
E07000080,Forest of Dean,48.2,165,3,16.5,24.7,2.9,58.8,17.8,5825,95683,13186,80,35,580,80
E07000081,Gloucester,39.2,3184,9,20.1,16.9,2.3,63,12.3,4828,114564,12874,4,2,36,4
E07000082,Stroud,46.7,260,4,17.9,22.6,2.8,59.5,16.4,5665,77723,11417,44,22,299,44
E07000083,Tewkesbury,44.5,229,3,18.8,22.1,2.9,59.1,16.2,5375,125172,14303,62,23,547,62
E07000084,Basingstoke and Deane,41.3,279,4,20,17.5,2.1,62.4,12.7,5016,103657,12280,44,18,372,44
E07000085,East Hampshire,47.1,238,4,18.1,23.4,3.4,58.5,17.6,5437,52579,9649,41,23,221,41
E07000086,Eastleigh,42.1,1677,8,19.3,19.6,2.8,61.1,14.4,4559,106111,10647,6,3,63,6
E07000087,Fareham,46.7,1565,8,16.8,23.7,3.5,59.5,18,4606,101314,10925,7,3,65,7
E07000088,Gosport,42.7,3344,9,18.4,20.4,2.8,61.2,15,4429,77562,8716,3,1,23,3
E07000089,Hart,43.7,451,5,20,19.9,2.7,60.2,15,5263,69159,9724,22,12,153,22
E07000090,Havant,45.9,2264,8,17.7,23.5,3.5,58.7,17.7,4537,76270,8778,4,2,34,4
E07000091,New Forest,50.8,239,4,15.8,29.3,4.8,54.9,22.2,4819,69422,10013,42,20,290,42
E07000092,Rushmoor,38.8,2423,8,20.1,14.9,1.9,65,10.8,4417,113984,12749,5,2,47,5
E07000093,Test Valley,45,201,3,18.8,21.7,2.9,59.5,16.2,5350,62859,10825,54,27,313,54
E07000094,Winchester,43.7,189,3,18.5,21.4,3.3,60.1,16,5250,74483,12393,66,28,394,66
E07000095,Broxbourne,40.2,1891,8,20.5,17.9,2.5,61.7,13.5,4800,70366,9433,5,3,37,5
E07000096,Dacorum,40.7,728,6,20.5,17.3,2.7,62.1,12.6,4788,74860,10170,14,7,103,14
E07000098,Hertsmere,40.9,1037,7,21.4,18.4,2.9,60.2,13.8,5089,93432,11936,12,5,90,12
E07000099,North Hertfordshire,42.2,356,4,19.7,19.2,2.9,61.1,14.3,4852,55420,9535,27,14,156,27
E07000102,Three Rivers,41.8,1051,7,20.5,18.2,2.8,61.3,13.5,5115,77994,9928,9,5,74,9
E07000103,Watford,37,4507,10,22.3,13.3,2,64.4,9.7,4394,86781,12043,3,1,19,3
E07000105,Ashford,42,224,3,20.7,19.4,2.4,59.9,14.4,4942,53236,10083,45,22,238,45
E07000106,Canterbury,38.2,536,5,15.9,20.6,3.1,63.5,15.4,4385,51612,8855,17,8,96,17
E07000107,Dartford,37.3,1548,7,22.5,14.1,2.1,63.4,10.3,4496,94273,12422,8,3,61,8
E07000108,Dover,46.6,375,5,17.5,23.5,3,58.9,17.2,4173,55798,8795,23,11,149,23
E07000109,Gravesham,39.7,1080,7,21.4,17.4,2.4,61.3,12.8,4427,111383,12011,11,4,103,11
E07000110,Maidstone,41.4,437,5,20,19.2,2.6,60.8,14.3,4792,66965,10694,24,11,153,24
E07000111,Sevenoaks,44.3,327,4,20.2,21.6,3.2,58.2,16.1,5585,47678,9830,30,17,146,30
E07000112,Folkestone and Hythe,47.3,317,4,16.9,24.8,3.4,58.3,18.3,3949,50472,8101,26,12,159,26
E07000113,Swale,41.1,402,5,20.3,19.2,2.2,60.5,13.9,4591,112662,14231,35,11,280,35
E07000114,Thanet,45.1,1370,7,18.9,23.8,3.1,57.3,17.5,4172,42507,7480,5,3,31,5
E07000115,Tonbridge and Malling,42.2,550,6,20.5,18.8,2.4,60.7,14,4933,67364,10491,19,9,122,19
E07000116,Tunbridge Wells,43.2,358,4,20.2,19.4,3.2,60.4,14.5,5266,54500,10800,30,15,152,30
E07000117,Burnley,40,803,6,21,18.7,2.3,60.2,13.5,4286,86597,10797,13,5,108,13
E07000118,Chorley,43.5,583,6,18.5,20,2.1,61.6,14.3,4751,69271,9165,16,8,119,16
E07000119,Fylde,50.5,488,5,15.6,27.6,3.9,56.9,20.7,5114,89058,12177,25,10,183,25
E07000120,Hyndburn,39.8,1110,7,20.8,18.5,2.1,60.7,13.5,4369,68914,9648,9,4,62,9
E07000121,Lancaster,39.5,258,4,16.8,19.9,2.6,63.2,14.7,4601,62755,9862,38,18,243,38
E07000122,Pendle,39.7,544,5,21.2,18.7,2.3,60.2,13.3,4344,81412,10671,20,8,150,20
E07000123,Preston,35.3,1006,7,20.5,14.7,1.9,64.8,10.5,4530,89492,12051,12,5,89,12
E07000124,Ribble Valley,48.1,104,2,16.9,23.7,3.2,59.4,17.6,5398,140943,19810,190,52,1355,190
E07000125,Rossendale,42.5,518,5,19.6,18.7,2.2,61.6,13.1,4706,109405,13490,26,9,211,26
E07000126,South Ribble,44.6,979,7,18.2,21.5,2.5,60.3,15.6,4645,100972,10884,11,5,103,11
E07000127,West Lancashire,44.6,330,4,17.3,22.1,2.8,60.6,16.4,5116,93121,12412,38,16,282,38
E07000128,Wyre,49.9,397,5,15.8,27.8,3.7,56.5,20.8,5020,66024,10054,25,13,166,25
E07000129,Blaby,42.9,778,6,19.1,20.3,2.7,60.6,15,4569,104851,9814,13,6,135,13
E07000130,Charnwood,38.4,666,6,17,18.1,2.4,64.9,13.1,4451,103894,11629,17,7,156,17
E07000131,Harborough,46.2,159,3,18.3,21.9,2.8,59.7,16,5223,71122,11113,70,33,447,70
E07000132,Hinckley and Bosworth,45.1,380,5,17.8,22.1,2.6,60.1,16,4588,93144,11049,29,12,245,29
E07000133,Melton,47.6,106,2,17.6,23.1,2.8,59.4,16.5,5234,86246,12834,121,49,814,121
E07000134,North West Leicestershire,43.9,371,5,18.3,20.1,2.3,61.6,14.4,4756,127784,14474,39,13,344,39
E07000135,Oadby and Wigston,42.6,2423,8,18.4,21.7,3.8,59.9,16.5,4309,90428,9551,4,2,37,4
E07000136,Boston,41.9,192,3,19.3,20.9,2.7,59.8,15.2,4897,89165,12226,64,26,464,64
E07000137,East Lindsey,52.4,80,1,15.2,30,3.4,54.7,21.8,5264,57668,11021,138,66,721,138
E07000138,Lincoln,33.4,2782,9,16.6,15.4,2.3,68.1,11.1,3868,91094,10700,4,1,33,4
E07000139,North Kesteven,46.3,127,2,17.4,23.6,2.8,59,17.6,4877,84778,10939,86,38,668,86
E07000140,South Holland,46.4,127,2,17.6,24.2,3.3,58.2,18.1,5191,83923,12568,99,41,661,99
E07000141,South Kesteven,46.5,151,2,18.4,23.2,2.9,58.5,16.9,5058,81412,11680,77,34,539,77
E07000142,West Lindsey,48.2,83,1,17.2,24.8,2.8,58,18,4984,55452,9705,117,60,668,117
E07000143,Breckland,46.8,107,2,17.4,25.1,3.5,57.5,18.7,5440,66275,11058,103,51,619,103
E07000144,Broadland,48.1,237,4,16.4,25.8,3.6,57.7,19.4,4914,56408,8223,35,21,238,35
E07000145,Great Yarmouth,45.9,570,6,17.9,24.4,3.2,57.7,18,4899,53173,9352,16,9,93,16
E07000146,King's Lynn and West Norfolk,47.9,105,2,17.6,26.2,3.4,56.2,19.5,5675,77694,12157,116,54,740,116
E07000147,North Norfolk,54.3,109,2,13.8,33.2,4.8,53,24.8,5425,55997,10444,96,50,514,96
E07000148,Norwich,33.5,3602,9,16.9,15.1,2.4,68,11.1,3623,76754,11264,3,1,21,3
E07000149,South Norfolk,46.2,155,3,18.1,24,3.3,57.9,17.9,5562,62979,10511,68,36,406,68
E07000150,Corby,37.5,900,6,22.5,14.2,1.5,63.3,9.8,4268,210699,20750,23,5,234,23
E07000151,Daventry,45,130,2,18.6,20.6,2.3,60.8,14.6,5678,87678,12863,99,44,674,99
E07000152,East Northamptonshire,44.8,185,3,18.9,21.2,2.7,59.9,15.2,5050,62855,9288,50,27,340,50
E07000153,Kettering,41.2,436,5,20.6,18.7,2.3,60.7,13.5,4576,81306,10086,23,11,186,23
E07000154,Northampton,37.6,2781,9,21.8,15.5,2,62.6,11.1,4371,107350,11672,4,2,39,4
E07000155,South Northamptonshire,45.1,149,2,19.1,20.4,2.4,60.5,14.9,5830,77669,11504,77,39,521,77
E07000156,Wellingborough,42,489,5,20.8,19.5,2.3,59.7,14,4582,90514,11483,23,9,185,23
E07000163,Craven,50.6,49,1,15.6,27.3,3.9,57.1,20.1,5142,46976,10363,212,105,959,212
E07000164,Hambleton,49.9,70,1,16,26.5,3.4,57.5,19.5,5069,64597,12170,174,72,923,174
E07000165,Harrogate,47.5,123,2,17.7,23.6,3.6,58.8,17.7,4926,61560,10807,88,40,500,88
E07000166,Richmondshire,44,41,1,16.4,21.4,2.5,62.2,15.5,5127,38861,9046,221,125,948,221
E07000167,Ryedale,50.4,37,1,15.6,27,3.6,57.4,19.7,5233,51747,11666,315,141,1399,315
E07000168,Scarborough,50.1,133,2,16,27.5,3.5,56.5,20.1,4408,52669,9421,71,33,396,71
E07000169,Selby,44.5,151,2,18.4,20.4,2.3,61.1,14.5,5084,137812,16016,106,34,913,106
E07000170,Ashfield,41.9,1168,7,18.9,19.4,2.2,61.7,14,4093,120933,11004,9,4,104,9
E07000171,Bassetlaw,45.7,184,3,17.9,22.2,2.7,59.9,16.1,4569,107554,13213,72,25,585,72
E07000172,Broxtowe,43.1,1424,7,17.1,21.1,2.8,61.8,15.6,4252,68253,7921,6,3,48,6
E07000173,Gedling,44.1,983,7,17.9,21.1,2.6,61,15.3,4488,68040,7536,8,5,69,8
E07000174,Mansfield,42.1,1425,7,18.9,19.4,2.4,61.7,13.9,3861,91496,9413,7,3,64,7
E07000175,Newark and Sherwood,45.4,188,3,18,22.1,2.7,59.9,16.2,4649,93574,12088,64,25,498,64
E07000176,Rushcliffe,43.9,291,4,18.5,21.2,3.1,60.4,15.6,4781,67954,8689,30,16,234,30
E07000177,Cherwell,41.2,256,4,20.1,18.3,2.5,61.7,13.4,5393,103455,13733,54,21,404,54
E07000178,Oxford,28.9,3343,9,17.8,12.5,2,69.7,9.1,4488,103377,14774,4,1,31,4
E07000179,South Oxfordshire,44.4,209,3,19.2,21.1,2.9,59.7,15.9,5757,97355,14252,68,28,466,68
E07000180,Vale of White Horse,42.5,235,4,19.3,20.2,2.9,60.5,15,5239,91509,12927,55,22,389,55
E07000181,West Oxfordshire,44.7,155,3,18.5,21.8,3.3,59.7,16.2,5375,63602,11218,72,35,410,72
E07000187,Mendip,47,156,3,18,23.5,3.2,58.4,17.1,5019,64375,11493,74,32,413,74
E07000188,Sedgemoor,46.9,218,3,17.9,23.9,3.2,58.2,17.5,5330,70809,11796,54,24,325,54
E07000189,South Somerset,47.7,176,3,17.6,25.6,3.5,56.8,18.7,5451,56122,10668,61,31,319,61
E07000192,Cannock Chase,42.6,1277,7,17.9,19.2,2.3,62.9,13.8,4792,72930,9761,8,4,57,8
E07000193,East Staffordshire,41.9,309,4,19.5,19.3,2.5,61.2,14.1,4814,118755,15006,49,16,384,49
E07000194,Lichfield,46.6,316,4,17.1,24,2.9,58.8,18.1,5324,89305,11616,37,17,283,37
E07000195,Newcastle-under-Lyme,41.9,614,6,16.2,20.7,2.8,63.1,15.2,4466,65521,8747,14,7,107,14
E07000196,South Staffordshire,48,276,4,15.6,24.7,3,59.7,18.3,5171,65316,8791,32,19,237,32
E07000197,Stafford,45.4,229,3,17.1,22.5,2.8,60.4,16.6,5071,77415,11252,49,22,338,49
E07000198,Staffordshire Moorlands,48.6,171,3,16,25.2,2.9,58.8,18.5,4917,85597,12662,74,29,501,74
E07000199,Tamworth,41.3,2486,8,19.4,19.1,2,61.5,13.5,4731,102699,11349,5,2,41,5
E07000200,Babergh,48.8,155,3,17,26.3,3.6,56.7,19.6,5572,64794,10910,70,36,418,70
E07000202,Ipswich,38.2,3465,9,20.4,16.8,2.5,62.8,12.1,4378,89551,11132,3,1,26,3
E07000203,Mid Suffolk,47.8,119,2,16.7,24.6,3.1,58.6,17.9,5973,71608,12257,103,50,602,103
E07000207,Elmbridge,43,1439,7,22.4,18.5,3.1,59.1,13.9,5542,52927,10068,7,4,37,7
E07000208,Epsom and Ewell,41.5,2366,8,20.9,18.3,2.6,60.8,13.6,4754,49265,8157,3,2,21,3
E07000209,Guildford,37.4,550,6,17.6,16.6,2.5,65.8,12.4,5179,67729,11001,20,9,123,20
E07000210,Mole Valley,47.5,338,4,17.8,23.7,3.8,58.5,17.9,5519,65340,11857,35,16,193,35
E07000211,Reigate and Banstead,41.5,1152,7,20.7,18.2,3,61.1,13.5,5026,69804,10752,9,4,61,9
E07000212,Runnymede,37.7,1146,7,17.4,16.9,2.7,65.7,12.7,5217,88470,12486,11,5,77,11
E07000213,Spelthorne,41.8,2224,8,19.8,18.6,2.7,61.7,13.9,4735,87638,10815,5,2,39,5
E07000214,Surrey Heath,43.9,939,6,19.2,19.7,3,61.1,14.9,5266,76015,10591,11,6,81,11
E07000215,Tandridge,44.3,355,4,19.4,20.9,3.3,59.6,15.7,5583,39528,8990,25,16,111,25
E07000216,Waverley,45,366,5,19.9,22.3,3.8,57.8,17,5423,42765,8861,24,15,117,24
E07000217,Woking,41.1,1585,8,21.6,17.3,2.8,61.1,12.7,5084,84703,12024,8,3,53,8
E07000218,North Warwickshire,45.6,230,3,17.4,21.9,2.7,60.7,16,5210,160471,18281,79,23,698,79
E07000219,Nuneaton and Bedworth,41.3,1645,8,19.7,19.3,2.2,61,13.9,4422,78554,8928,5,3,48,5
E07000220,Rugby,41.2,310,4,20.2,19,2.6,60.7,14.3,4930,145801,15749,51,16,470,51
E07000221,Stratford-on-Avon,48.2,133,2,16.8,25.5,3.6,57.8,19.2,6068,60731,11712,88,46,457,88
E07000222,Warwick,39.7,508,5,17.2,18.8,2.8,64,14,4827,96788,12985,26,10,191,26
E07000223,Adur,45.7,1529,7,18.5,23.5,3.4,58,17.8,4648,53881,8223,5,3,35,5
E07000224,Arun,49.7,727,6,16.1,28.9,4.3,55,22.1,4573,42807,7611,10,6,59,10
E07000225,Chichester,49.3,154,2,16.5,27.4,4.3,56,20.8,5452,48118,9883,64,35,312,64
E07000226,Crawley,37.5,2500,9,22,13.6,2.1,64.4,9.6,4215,156859,16009,6,2,63,6
E07000227,Horsham,46.3,271,4,18.2,22.8,3.3,59,16.9,5386,53123,10259,38,20,196,38
E07000228,Mid Sussex,43.8,452,5,19.7,20.6,3.1,59.8,15.3,5028,44247,8590,19,11,98,19
E07000229,Worthing,45.2,3400,9,17.8,22.6,3.7,59.6,17.2,4561,56068,8910,3,1,16,3
E07000234,Bromsgrove,45.5,460,5,18.4,22.7,3.4,59,16.8,5449,51562,8885,19,12,112,19
E07000235,Malvern Hills,50.8,136,2,16,28.2,4.1,55.8,21,5947,33935,8474,62,44,250,62
E07000236,Redditch,40.2,1572,8,20.1,18.5,2,61.4,12.7,4711,135450,12967,8,3,86,8
E07000237,Worcester,38.7,3042,9,18.4,17.3,2.3,64.3,12.6,4637,107737,12827,4,2,35,4
E07000238,Wychavon,48.2,195,3,17.1,25.1,3.4,57.8,18.4,5845,78345,12630,65,30,402,65
E07000239,Wyre Forest,46.8,518,5,17.3,24.9,3,57.8,18.5,4954,81081,10718,21,10,157,21
E07000240,St Albans,41.1,921,6,22.4,17.1,2.8,60.5,12.7,4868,61084,9175,10,5,66,10
E07000241,Welwyn Hatfield,35.7,950,7,18.8,15.5,2.7,65.6,11.6,4598,115384,12565,13,5,121,13
E07000242,East Hertfordshire,42.7,315,4,19.7,18.1,2.5,62.1,13.3,5433,64393,10627,34,17,204,34
E07000243,Stevenage,38.3,3383,9,20.8,15.4,2.4,63.8,11.3,4184,137564,12978,4,1,41,4
E07000244,East Suffolk,49.3,198,3,16.8,27.5,3.9,55.7,20.6,4212,63374,9044,46,21,320,46
E07000245,West Suffolk,41.3,173,3,19.4,21.2,3.1,59.3,15.9,4319,77168,11056,64,25,446,64
E07000246,Somerset West and Taunton,47.9,131,2,17.1,25.9,3.9,57,19.1,4149,49558,8707,66,32,378,66
E08000001,Bolton,38.9,2057,8,21.5,17.3,2,61.2,12.5,4561,81768,9719,5,2,40,5
E08000002,Bury,40.3,1920,8,20.4,18.3,2.2,61.3,13.4,4597,80942,9562,5,2,42,5
E08000003,Manchester,30.1,4781,10,20.2,9.3,1.2,70.5,6.4,4270,103645,12846,3,1,22,3
E08000004,Oldham,37.1,1666,8,22.5,16.2,1.9,61.3,11.6,4249,84693,9546,6,3,51,6
E08000005,Rochdale,38.1,1407,7,21.7,16.5,2,61.9,11.6,4409,88213,10226,7,3,63,7
E08000006,Salford,34.8,2663,9,20.3,14.2,1.8,65.6,10.2,4447,97294,11314,4,2,37,4
E08000007,Stockport,42.4,2328,8,19.5,20,2.8,60.5,14.8,4712,88839,10307,4,2,38,4
E08000008,Tameside,40.1,2196,8,20.2,17.7,1.9,62.1,12.7,4320,90549,10015,5,2,41,5
E08000009,Trafford,40.7,2238,8,21.3,17.4,2.6,61.3,12.8,4708,182633,18536,8,2,82,8
E08000010,Wigan,42.1,1747,8,18.8,19.1,1.9,62.1,13.8,4353,89222,9511,5,2,51,5
E08000011,Knowsley,39.5,1744,8,20.2,17.3,2.2,62.5,12,4278,245307,14428,8,2,141,8
E08000012,Liverpool,34.8,4453,10,17.5,14.8,1.9,67.8,10.4,4210,84293,10159,2,1,19,2
E08000013,St. Helens,43,1324,7,18.4,20.6,2.3,61,15,4040,123967,10931,8,3,94,8
E08000014,Sefton,46.5,1765,8,17.5,23.6,3.5,59,17.5,4409,59187,8043,5,3,34,5
E08000015,Wirral,44.4,2013,8,18.6,21.9,3,59.5,15.9,4262,82335,9030,4,2,41,4
E08000016,Barnsley,42.4,750,6,18.6,19.5,2.3,61.8,14,3803,101880,9455,13,5,136,13
E08000017,Doncaster,41.2,549,5,19.3,19.2,2.4,61.5,13.8,4047,116206,11168,20,7,212,20
E08000018,Rotherham,41.9,926,6,19.4,19.7,2.4,60.9,14.3,3951,117970,10571,11,4,127,11
E08000019,Sheffield,35.4,1590,8,18.1,16.1,2.2,65.8,12,3912,111889,11093,7,2,70,7
E08000021,Newcastle upon Tyne,32.3,2669,9,17.4,14.5,2.1,68.1,10.5,3950,92555,10663,4,1,35,4
E08000022,North Tyneside,43.3,2526,9,18.1,20.3,2.6,61.7,14.5,3791,118469,10144,4,2,47,4
E08000023,South Tyneside,43.4,2343,8,17.9,20.3,2.6,61.8,14.5,3544,72314,7272,3,2,31,3
E08000024,Sunderland,42.2,2021,8,17.7,19.7,2.3,62.5,14,3693,122797,10820,5,2,61,5
E08000025,Birmingham,32.6,4264,10,22.7,13.1,1.9,64.3,9.5,4689,95497,12056,3,1,22,3
E08000026,Coventry,32.1,3766,9,19.5,13.5,1.9,67,9.9,4290,118878,11490,3,1,32,3
E08000027,Dudley,42,3283,9,19.4,20.4,2.6,60.2,15.1,4734,73842,9817,3,1,22,3
E08000028,Sandwell,36.7,3839,9,22.7,15,2,62.3,11,4355,105535,12369,3,1,27,3
E08000029,Solihull,43.1,1214,7,19.7,21.1,3.2,59.2,15.9,5342,118621,11719,10,4,98,10
E08000030,Walsall,38.2,2746,9,21.7,17.6,2.3,60.7,13,4654,91475,11222,4,2,33,4
E08000031,Wolverhampton,37.8,3793,9,21.5,16.7,2.5,61.9,12.2,4560,88054,11360,3,1,23,3
E08000032,Bradford,36.5,1473,7,23.7,15,2,61.3,10.6,4421,79850,9871,7,3,54,7
E08000033,Calderdale,42.2,581,6,19.6,18.8,2.3,61.6,13.4,4446,74072,9748,17,8,127,17
E08000034,Kirklees,39.7,1076,7,20.4,17.8,2.2,61.9,12.8,4295,83646,9871,9,4,78,9
E08000035,Leeds,35.3,1438,7,19.4,15.6,2,65.1,11.3,4483,98456,10995,8,3,68,8
E08000036,Wakefield,41.6,1029,7,19.2,19,2.3,61.8,13.7,4106,114298,11391,11,4,111,11
E08000037,Gateshead,41.5,1419,7,17.4,19.7,2.6,63,14.5,3707,105735,10275,7,3,75,7
E09000001,City of London,38.5,3361,9,15.4,16.9,2.3,67.7,11.8,4649,326190,194325,58,1,97,58
E09000002,Barking and Dagenham,32.5,5898,10,27.2,9.3,1.4,63.5,6.5,4246,85390,10137,2,1,14,2
E09000003,Barnet,37.4,4563,10,21.4,14.5,2.3,64.2,10.5,5005,45386,8321,2,1,10,2
E09000004,Bexley,38.9,4099,9,20.7,16.5,2.6,62.8,12.3,4518,66729,8639,2,1,16,2
E09000005,Brent,35.7,7628,10,21.3,12.5,1.7,66.2,8.6,4269,52241,9932,1,1,7,1
E09000006,Bromley,40.9,2214,8,20.4,17.5,2.7,62.1,13.1,4652,42967,7630,3,2,19,3
E09000007,Camden,34,12393,10,17.5,12,1.7,70.5,8.6,3841,51309,14514,1,0,4,1
E09000008,Croydon,37.7,4471,10,22.2,13.8,1.9,64.1,9.7,4558,58667,9055,2,1,13,2
E09000009,Ealing,37.1,6154,10,21.8,13.1,1.8,65.1,9.1,4222,68508,9733,2,1,11,2
E09000010,Enfield,36.4,4130,9,22.8,13.4,1.9,63.8,9.7,4687,64146,8780,2,1,16,2
E09000011,Greenwich,35,6086,10,21.9,10.5,1.4,67.5,7.4,3977,47027,7505,1,1,8,1
E09000012,Hackney,33.3,14758,10,20.7,7.7,0.9,71.6,5.2,3743,24598,7041,0,0,2,0
E09000013,Hammersmith and Fulham,35,11287,10,18.3,11,1.4,70.7,7.8,3835,49386,10676,1,0,4,1
E09000014,Haringey,35.8,9076,10,20.1,10.4,1.2,69.5,7.1,4192,37698,7235,1,0,4,1
E09000015,Harrow,38.3,4977,10,21.3,15.9,2.4,62.8,11.4,4672,48762,7596,2,1,10,2
E09000016,Havering,39.2,2310,8,20.3,18,2.9,61.7,13.4,4699,58494,8404,4,2,25,4
E09000017,Hillingdon,36.3,2652,9,21.9,13.5,1.9,64.6,9.8,4529,169082,16155,6,2,64,6
E09000018,Hounslow,36.4,4851,10,21.9,12.3,1.5,65.8,8.5,4344,116827,13366,3,1,24,3
E09000019,Islington,31.9,16321,10,15.9,8.9,1.1,75.3,6.2,3595,49072,11395,1,0,3,1
E09000020,Kensington and Chelsea,39.9,12876,10,16.8,16,2,67.1,11.5,4446,57051,13978,1,0,4,1
E09000021,Kingston upon Thames,37.4,4764,10,20.2,13.9,2.1,65.8,10.1,4675,51474,9177,2,1,11,2
E09000022,Lambeth,33.3,12156,10,17.3,8.4,1.1,74.3,5.8,3744,36897,7934,1,0,3,1
E09000023,Lewisham,35.2,8702,10,20.5,9.5,1.3,70,6.6,3947,36980,7017,1,0,4,1
E09000024,Merton,37.4,5490,10,21,12.8,1.8,66.1,9.1,4345,49397,8239,2,1,9,2
E09000025,Newham,32.3,9756,10,22.1,7.7,0.9,70.2,5.1,3851,63135,9967,1,0,6,1
E09000026,Redbridge,35.8,5411,10,22.4,12.7,1.9,64.8,9,4468,38848,7110,1,1,7,1
E09000027,Richmond upon Thames,41.1,3450,9,21,15.9,2.2,63.1,11.4,4603,46519,8887,3,1,13,3
E09000028,Southwark,33.6,11045,10,18.7,8.5,1.1,72.8,5.8,3916,74519,13352,1,0,7,1
E09000029,Sutton,39.5,4706,10,21.3,15.3,2.2,63.4,11.2,4649,48258,8004,2,1,10,2
E09000030,Tower Hamlets,31.6,16427,10,20.2,6.4,0.8,73.4,4.2,4006,141041,23928,1,0,9,1
E09000031,Waltham Forest,35.2,7137,10,21.9,10.8,1.5,67.2,7.6,4111,40120,7268,1,1,6,1
E09000032,Wandsworth,34,9624,10,18,9.6,1.2,72.4,6.8,4023,40742,8177,1,0,4,1
E09000033,Westminster,36.3,12167,10,16.9,12.5,1.7,70.6,8.8,4292,78555,24813,2,0,6,2
W06000001,Isle of Anglesey,48.3,98,2,17.2,26.2,3.3,56.6,19.2,5441,43206,9508,97,56,441,97
W06000002,Gwynedd,43.2,49,1,16.7,22.8,3.3,60.5,16.8,5350,37804,9622,196,109,772,196
W06000003,Conwy,49.9,104,2,16.2,27.9,4.3,55.9,20.9,4516,37766,8180,79,43,363,79
W06000004,Denbighshire,46.9,114,2,18.1,24.3,2.8,57.6,17.7,4803,47801,9402,82,42,419,82
W06000005,Flintshire,43.9,355,4,18.5,21.2,2.4,60.3,15.3,4690,154517,16512,47,13,435,47
W06000006,Wrexham,42.5,270,4,19.2,20.2,2.5,60.6,14.5,4532,188177,18502,69,17,697,69
W06000008,Ceredigion,46.7,41,1,15,25.4,3.5,59.7,18.5,5928,36399,10647,260,145,888,260
W06000009,Pembrokeshire,48.3,78,1,17,26,3.4,56.9,18.9,4791,99948,16799,215,61,1281,215
W06000010,Carmarthenshire,46.5,80,1,17.6,23.8,3,58.6,17.2,4338,69030,11550,144,54,863,144
W06000011,Swansea,39.7,654,6,16.9,19.7,2.7,63.4,14.5,3852,92800,9940,15,6,142,15
W06000012,Neath Port Talbot,43.4,325,4,17.5,20.9,2.5,61.5,14.9,3718,318895,23781,73,11,981,73
W06000013,Bridgend,42.9,586,6,17.9,20.3,2.3,61.8,14.7,3887,111931,11583,20,7,191,20
W06000014,Vale of Glamorgan,43.8,403,5,18.5,21.2,2.6,60.3,15.4,4268,104739,11158,28,11,260,28
W06000015,Cardiff,33.6,2604,9,18.4,14.2,2,67.4,10.1,4033,105883,11747,5,2,41,5
W06000016,Rhondda Cynon Taf,40.6,569,6,18.6,19.3,2.2,62,13.9,3675,82215,8701,15,6,144,15
W06000018,Caerphilly,41.7,653,6,18.7,19.6,2.1,61.7,14,3747,88403,9034,14,6,135,14
W06000019,Blaenau Gwent,43.1,643,6,17.5,20.3,2.2,62.2,14.7,3548,83720,8953,14,6,130,14
W06000020,Torfaen,42.2,748,6,18.6,20.6,2.7,60.8,14.8,3903,111653,10944,15,5,149,15
W06000021,Monmouthshire,49,111,2,16.2,25.3,3.5,58.6,18.5,4754,73027,11596,104,43,658,104
W06000022,Newport,38.8,812,6,20.6,17.2,2.2,62.1,12.6,4043,227519,19286,24,5,280,24
W06000023,Powys,50.4,26,1,16,27.5,3.6,56.6,20,5136,32223,9592,369,198,1239,369
W06000024,Merthyr Tydfil,40.4,541,5,19.2,18.9,2.1,62,13.4,3609,97541,9494,18,7,180,18
S12000005,Clackmannanshire,44.9,324,4,17.4,20.3,2,62.3,14.2,4283,158428,12924,40,13,489,40
S12000006,Dumfries and Galloway,49.6,23,1,15.6,25.9,3.1,58.5,18.7,5072,52378,10830,471,221,2277,471
S12000008,East Ayrshire,44.7,97,2,17.3,20.5,2.2,62.3,14.4,4045,56727,8374,86,42,585,86
S12000010,East Lothian,44.6,158,3,18.4,20.3,2.5,61.3,14.7,4641,81970,10196,65,29,519,65
S12000011,East Renfrewshire,43.7,548,5,20.4,20.1,2.9,59.5,14.7,4955,51041,7112,13,9,93,13
S12000013,Na h-Eileanan Siar,49.5,9,1,15.9,25.8,3.5,58.3,18.7,5575,33082,8196,911,619,3676,911
S12000014,Falkirk,43.4,541,5,17.5,18.9,2.1,63.6,13.4,4499,97691,10144,19,8,181,19
S12000017,Highland,46.6,9,1,16.6,22.5,2.7,60.9,16,5922,69879,12495,1388,658,7764,1388
S12000018,Inverclyde,46.2,485,5,16.2,21.2,2.7,62.6,15.2,4474,77316,8888,18,9,159,18
S12000019,Midlothian,41.6,261,4,19.4,18.8,2,61.8,13.3,4295,62631,8405,32,16,240,32
S12000020,Moray,45.3,43,1,16.8,21.6,2.7,61.5,15.5,4959,70478,11165,260,115,1639,260
S12000021,North Ayrshire,46.7,152,2,16.7,22.7,2.5,60.7,16.2,4355,116992,12430,82,29,770,82
S12000023,Orkney Islands,48,22,1,16.1,23.8,2.7,60.1,17.2,6816,23690,9420,428,310,1077,428
S12000026,Scottish Borders,49.1,24,1,16.5,24.8,2.8,58.8,17.8,4918,40317,9075,378,205,1680,378
S12000027,Shetland Islands,44.2,16,1,18.3,20.4,2.2,61.2,14.4,6608,55430,11573,723,413,3464,723
S12000028,South Ayrshire,49,92,1,15.6,25.5,3.2,58.8,18.5,4392,60029,9321,101,48,652,101
S12000029,South Lanarkshire,44.2,181,3,17.4,19.6,2.3,63.1,13.8,4826,79432,9849,54,27,439,54
S12000030,Stirling,42.3,43,1,16.4,19.4,2.3,64.2,14,5290,74820,12255,285,123,1740,285
S12000033,Aberdeen City,37.3,1232,7,15.5,15.8,2.1,68.7,11.3,4223,100537,10657,9,3,82,9
S12000034,Aberdeenshire,44,41,1,18.8,19.6,2.2,61.7,13.7,5793,52238,10725,262,141,1274,262
S12000035,Argyll and Bute,49.7,12,1,15,25.9,3,59.1,18.7,5827,34528,8939,745,486,2877,745
S12000036,City of Edinburgh,36.5,1993,8,15.1,15.1,2.2,69.8,10.8,4141,81153,10144,5,2,41,5
S12000038,Renfrewshire,42.9,685,6,16.9,18.9,2.3,64.2,13.5,4220,105166,10009,15,6,154,15
S12000039,West Dunbartonshire,43.3,560,6,17.6,18.8,2.1,63.6,13.1,4041,81880,8746,16,7,146,16
S12000040,West Lothian,41,428,5,19.4,16.6,1.7,64,11.7,4306,123392,11968,28,10,288,28
S12000041,Angus,47.1,53,1,16.5,23.9,3,59.6,17.3,5146,59914,9770,184,97,1130,184
S12000042,Dundee City,37,2496,8,16.1,17.5,2.5,66.4,12.8,4521,85258,9460,4,2,34,4
S12000045,East Dunbartonshire,46.4,623,6,17.9,22.5,3.1,59.6,16.5,4735,75041,8545,14,8,120,14
S12000047,Fife,43.8,282,4,17.3,20.6,2.4,62.1,14.8,4249,88409,10238,36,15,314,36
S12000048,Perth and Kinross,47,29,1,16.1,23.6,3.2,60.3,17.1,5600,49333,9972,344,193,1701,344
S12000049,Glasgow City,35.6,3626,9,15.9,13.5,1.8,70.6,9.5,4023,83339,9651,3,1,23,3
S12000050,North Lanarkshire,41.5,726,6,18.4,17.3,1.7,64.3,12,4323,105615,10307,14,6,145,14
