year,LAD13CD,region,LAD13NM,domestic_mean_kwh,non_domestic_mean_kwh,all_mean_kwh,
2021,E06000001,North East,Hartlepool,2907.788401,99692.8233,9375.571941,3058.677852
2021,E06000002,North East,Middlesbrough,2895.754432,53879.05416,6151.443172,3269.704933
2021,E06000003,North East,Redcar and Cleveland,2911.769537,137673.8966,10600.47212,3034.606511
2021,E06000004,North East,Stockton-on-Tees,3049.274199,161785.8156,12417.76083,3263.087557
2021,E06000005,North East,Darlington,3102.998802,63023.65751,7352.713554,3348.358151
2021,E06000047,North East,County Durham,2960.652298,62992.88106,6812.261113,3109.642654
2021,E06000057,North East,Northumberland,3363.753893,62675.59193,8262.876214,3700.092496
2021,E08000021,North East,Newcastle upon Tyne,2998.074326,66302.16056,7547.264962,3176.907758
2021,E08000022,North East,North Tyneside,2827.749506,73957.65618,6763.351516,2964.189743
2021,E08000023,North East,South Tyneside,2696.370902,45019.84984,4988.307906,2783.982782
2021,E08000024,North East,Sunderland,2821.628442,82965.9529,7582.263407,3032.963072
2021,E08000037,North East,Gateshead,2865.779845,79909.54838,7802.300922,3003.317023
2021,E06000006,North West,Halton,3145.494782,128961.3528,10539.17286,3208.254322
2021,E06000007,North West,Warrington,3320.721959,83956.53309,8480.366684,3398.723432
2021,E06000008,North West,Blackburn with Darwen,3226.836053,65706.60419,8152.653979,3469.974241
2021,E06000009,North West,Blackpool,3257.630054,35425.29364,6326.731683,3499.355917
2021,E06000049,North West,Cheshire East,3799.227333,62176.14336,8177.977264,4058.392528
2021,E06000050,North West,Cheshire West and Chester,3502.72235,112523.8884,11286.65458,3699.567534
2021,E07000026,North West,Allerdale,3492.04359,73841.68854,11069.66344,3767.543418
2021,E07000027,North West,Barrow-in-Furness,2954.844122,116674.7926,10903.69118,3159.380526
2021,E07000028,North West,Carlisle,3358.027064,64887.20894,9186.456533,3584.733013
2021,E07000029,North West,Copeland,3493.109118,34864.34482,6007.840885,3957.745938
2021,E07000030,North West,Eden,4481.678757,52842.90743,11524.83196,4902.663765
2021,E07000031,North West,South Lakeland,4061.596678,37920.17304,8376.518814,4642.410948
2021,E07000117,North West,Burnley,3051.184609,61076.0563,7325.094737,3318.364201
2021,E07000118,North West,Chorley,3506.610713,53523.83372,6779.070564,3502.805679
2021,E07000119,North West,Fylde,3660.986248,56750.90078,8038.125739,3721.825394
2021,E07000120,North West,Hyndburn,3028.273983,55300.12571,7069.905296,3161.595831
2021,E07000121,North West,Lancaster,3417.330298,48421.2185,7348.262689,3590.499535
2021,E07000122,North West,Pendle,3163.476963,56021.8125,7195.21708,3300.805193
2021,E07000123,North West,Preston,3322.977865,55894.35584,7759.727099,3632.597821
2021,E07000124,North West,Ribble Valley,4070.238659,105278.6767,14029.77977,4212.524064
2021,E07000125,North West,Rossendale,3440.913647,70949.56123,8609.095514,3528.494146
2021,E07000126,North West,South Ribble,3337.285659,73198.03499,8010.73689,3513.162593
2021,E07000127,North West,West Lancashire,3680.795315,91689.71858,10302.97936,3951.651487
2021,E07000128,North West,Wyre,3484.45195,64674.85073,8342.246847,3629.176468
2021,E08000001,North West,Bolton,3290.643094,55422.35518,6652.070456,3425.013262
2021,E08000002,North West,Bury,3357.644725,54131.09813,6596.491435,3454.722897
2021,E08000003,North West,Manchester,3424.13147,79238.83475,9346.75012,3694.825318
2021,E08000004,North West,Oldham,3171.652364,59956.98806,6788.441605,3249.65911
2021,E08000005,North West,Rochdale,3230.234342,69893.45843,7495.29622,3292.115038
2021,E08000006,North West,Salford,3449.851193,63369.06927,7267.863796,3811.646183
2021,E08000007,North West,Stockport,3476.141381,52090.03131,6639.64311,3602.540561
2021,E08000008,North West,Tameside,3118.260852,58122.7947,6398.457363,3255.456056
2021,E08000009,North West,Trafford,3645.637631,109423.4181,11740.92014,3759.533703
2021,E08000010,North West,Wigan,3166.273713,68931.48972,6836.48425,3242.335849
2021,E08000011,North West,Knowsley,3012.089662,134192.2489,8572.333224,3275.303934
2021,E08000012,North West,Liverpool,2980.527506,66456.07537,7046.553441,3002.441195
2021,E08000013,North West,St. Helens,3043.843586,93817.89774,7944.653786,3179.165775
2021,E08000014,North West,Sefton,3173.17455,44216.10926,5621.464715,3370.332462
2021,E08000015,North West,Wirral,3160.674459,48609.26706,5830.742135,3291.503782
2021,E06000010,Yorkshire and The Humber,"Kingston upon Hull, City of",2915.112763,76911.1831,7954.185296,3157.889108
2021,E06000011,Yorkshire and The Humber,East Riding of Yorkshire,3539.786661,75455.76026,9410.788203,3793.887843
2021,E06000012,Yorkshire and The Humber,North East Lincolnshire,3152.374224,113388.1722,10211.90574,3283.109266
2021,E06000013,Yorkshire and The Humber,North Lincolnshire,3317.683078,155901.7913,15091.97154,3403.61068
2021,E06000014,Yorkshire and The Humber,York,3343.170101,52372.14534,7213.983014,3478.231486
2021,E07000163,Yorkshire and The Humber,Craven,3976.634468,37146.71268,8044.071982,4174.612579
2021,E07000164,Yorkshire and The Humber,Hambleton,4056.763891,56213.19373,10237.17799,4235.241737
2021,E07000165,Yorkshire and The Humber,Harrogate,3991.805659,57031.91347,9352.211786,4277.482188
2021,E07000166,Yorkshire and The Humber,Richmondshire,4086.852451,38145.6757,8228.554618,4247.605005
2021,E07000167,Yorkshire and The Humber,Ryedale,4126.347388,47918.50161,10120.66211,4367.394205
2021,E07000168,Yorkshire and The Humber,Scarborough,3290.524755,38713.2388,6958.129299,3877.321895
2021,E07000169,Yorkshire and The Humber,Selby,3763.596103,87651.05086,10476.47442,4016.069451
2021,E08000016,Yorkshire and The Humber,Barnsley,3070.968546,79015.17275,7398.935506,3133.452583
2021,E08000017,Yorkshire and The Humber,Doncaster,3168.053694,91791.50027,8825.502833,3315.052604
2021,E08000018,Yorkshire and The Humber,Rotherham,3063.900197,79425.2085,7550.821371,3229.776613
2021,E08000019,Yorkshire and The Humber,Sheffield,3090.356329,78389.05935,8265.542628,3078.192144
2021,E08000032,Yorkshire and The Humber,Bradford,3319.192735,56058.75762,7066.510086,3530.45231
2021,E08000033,Yorkshire and The Humber,Calderdale,3389.343592,58630.88819,7471.839988,3466.222194
2021,E08000034,Yorkshire and The Humber,Kirklees,3275.205464,54342.12598,6807.483345,3386.387254
2021,E08000035,Yorkshire and The Humber,Leeds,3335.303055,68530.14858,7906.904209,3570.295265
2021,E08000036,Yorkshire and The Humber,Wakefield,3073.765687,100770.0378,9196.884991,3232.241232
2021,E06000015,East Midlands,Derby,3215.341928,68905.50695,7696.907011,3420.914074
2021,E06000016,East Midlands,Leicester,3229.692533,62917.33711,8430.244651,3511.899681
2021,E06000017,East Midlands,Rutland,4184.356146,137144.2051,17366.74666,4283.109189
2021,E06000018,East Midlands,Nottingham,3235.441726,58164.96995,7840.158921,3317.769879
2021,#N/A,East Midlands,North Northamptonshire,3557.374211,82721.78578,9086.71457,3666.273422
2021,#N/A,East Midlands,West Northamptonshire,3838.172858,70331.87227,8776.215345,4039.058516
2021,E07000032,East Midlands,Amber Valley,3504.355967,78182.96621,8517.36083,3620.648651
2021,E07000033,East Midlands,Bolsover,3185.341622,109860.5325,9010.460754,3300.153353
2021,E07000034,East Midlands,Chesterfield,3028.571721,51864.49763,6915.498066,3113.431337
2021,E07000035,East Midlands,Derbyshire Dales,4037.074982,54843.92902,10163.51027,4330.244846
2021,E07000036,East Midlands,Erewash,3298.486375,55637.6194,6781.665802,3340.530098
2021,E07000037,East Midlands,High Peak,3545.545226,154560.171,15741.06242,3634.111817
2021,E07000038,East Midlands,North East Derbyshire,3357.186673,80191.45041,8054.973357,3457.647997
2021,E07000039,East Midlands,South Derbyshire,3604.617212,115573.7422,10144.5908,3686.19938
2021,E07000129,East Midlands,Blaby,3510.573107,88502.07095,8208.254281,3486.421078
2021,E07000130,East Midlands,Charnwood,3403.173195,72133.46353,8123.804342,3457.756081
2021,E07000131,East Midlands,Harborough,4027.104216,48018.58967,7674.145477,4282.250926
2021,E07000132,East Midlands,Hinckley and Bosworth,3609.241111,61320.43646,7628.304931,3575.618982
2021,E07000133,East Midlands,Melton,3904.54115,71934.07275,9864.287064,4077.075779
2021,E07000134,East Midlands,North West Leicestershire,3753.755737,109121.1587,11438.33784,3862.009405
2021,E07000135,East Midlands,Oadby and Wigston,3386.150202,52802.92501,6479.083694,3843.436519
2021,E07000136,East Midlands,Boston,3678.493334,70871.94538,9180.552827,3854.4978
2021,E07000137,East Midlands,East Lindsey,4037.532946,47046.7321,8643.40204,4169.179737
2021,E07000138,East Midlands,Lincoln,2995.558418,58078.86682,7482.385909,3189.45831
2021,E07000139,East Midlands,North Kesteven,3794.484388,64720.57869,8460.207289,3877.163131
2021,E07000140,East Midlands,South Holland,4035.296504,93759.48449,11597.80249,4251.755714
2021,E07000141,East Midlands,South Kesteven,3845.483363,60479.77112,8415.292829,3952.205732
2021,E07000142,East Midlands,West Lindsey,3792.912634,48922.44824,7770.714968,3935.962473
2021,E07000170,East Midlands,Ashfield,3247.856777,94185.63926,8402.674024,3220.649182
2021,E07000171,East Midlands,Bassetlaw,3606.805827,73810.46681,9256.149287,3797.559877
2021,E07000172,East Midlands,Broxtowe,3315.933427,43348.66509,5776.48979,3399.606954
2021,E07000173,East Midlands,Gedling,3479.754861,50855.39255,5859.79825,3523.785729
2021,E07000174,East Midlands,Mansfield,3141.33013,66176.51842,7054.734377,3295.808888
2021,E07000175,East Midlands,Newark and Sherwood,3700.930922,63764.06109,8371.104665,3876.639702
2021,E07000176,East Midlands,Rushcliffe,3775.413989,60378.72262,7368.270929,3916.737632
2021,E06000019,West Midlands,"Herefordshire, County of",4137.855014,50061.80119,9313.383084,4214.53539
2021,E06000020,West Midlands,Telford and Wrekin,3245.502629,93681.57448,9348.693335,3546.758447
2021,E06000021,West Midlands,Stoke-on-Trent,3021.017009,63782.84593,7154.351916,3155.784275
2021,E06000051,West Midlands,Shropshire,3919.488162,45665.53467,8244.131458,3960.971678
2021,E07000192,West Midlands,Cannock Chase,3419.543752,51891.73215,6743.350957,3478.166703
2021,E07000193,West Midlands,East Staffordshire,3565.593639,93331.76482,10974.97214,3735.290968
2021,E07000194,West Midlands,Lichfield,3818.213255,64928.96044,8473.847685,4123.684327
2021,E07000195,West Midlands,Newcastle-under-Lyme,3316.861018,60567.32158,7007.101547,3276.829633
2021,E07000196,West Midlands,South Staffordshire,3775.896297,93733.16512,9571.083405,3830.715697
2021,E07000197,West Midlands,Stafford,3621.771152,59527.37041,7953.082379,3683.739494
2021,E07000198,West Midlands,Staffordshire Moorlands,3679.194615,72516.56063,9470.45087,3712.559532
2021,E07000199,West Midlands,Tamworth,3464.193595,66302.62069,7483.9807,3652.47544
2021,E07000218,West Midlands,North Warwickshire,3814.476382,146443.0708,16022.98495,3913.882561
2021,E07000219,West Midlands,Nuneaton and Bedworth,3335.332899,55961.10806,6389.070713,3534.593364
2021,E07000220,West Midlands,Rugby,3660.731254,118039.3468,12058.68491,3906.11848
2021,E07000221,West Midlands,Stratford-on-Avon,4494.745113,51311.21094,9018.042675,4886.260987
2021,E07000222,West Midlands,Warwick,3754.279694,56158.69527,8138.55151,4029.373852
2021,E07000234,West Midlands,Bromsgrove,3980.83016,41453.63986,6860.530133,4031.888386
2021,E07000235,West Midlands,Malvern Hills,4204.956833,38046.08423,7192.241221,4359.506559
2021,E07000236,West Midlands,Redditch,3358.072039,71033.17148,7696.219439,3557.969721
2021,E07000237,West Midlands,Worcester,3306.75483,59575.30614,7430.338661,3489.052204
2021,E07000238,West Midlands,Wychavon,4103.394555,68439.19306,9722.185061,4283.540041
2021,E07000239,West Midlands,Wyre Forest,3576.007802,51639.55411,7096.122256,3573.686574
2021,E08000025,West Midlands,Birmingham,3435.259478,58898.34016,7820.103055,3572.119035
2021,E08000026,West Midlands,Coventry,3240.678723,65126.92702,7692.516303,3042.714782
2021,E08000027,West Midlands,Dudley,3326.273023,51508.53206,6589.104205,3409.319031
2021,E08000028,West Midlands,Sandwell,3236.13755,67810.85677,8112.811672,3381.620397
2021,E08000029,West Midlands,Solihull,3701.69146,85514.09094,8759.903765,3797.804136
2021,E08000030,West Midlands,Walsall,3437.8423,54546.41326,7065.00676,3534.656158
2021,E08000031,West Midlands,Wolverhampton,3398.749531,58257.86782,7370.792001,3532.282657
2021,E06000031,East,Peterborough,3306.519407,88778.08904,9887.289309,3586.821152
2021,E06000032,East,Luton,3339.261548,65685.04196,7297.963937,3502.44327
2021,E06000033,East,Southend-on-Sea,3484.087661,38008.41634,6127.338923,3643.894306
2021,E06000034,East,Thurrock,3826.993557,142042.0395,12845.96515,3924.438591
2021,E06000055,East,Bedford,3683.954664,66273.08117,8355.173874,3989.903875
2021,E06000056,East,Central Bedfordshire,3775.875967,59860.24414,7490.296359,3976.383512
2021,E07000008,East,Cambridge,3233.652452,82832.04848,11536.87384,4089.067616
2021,E07000009,East,East Cambridgeshire,4155.869216,60525.00054,9141.420877,4277.281784
2021,E07000010,East,Fenland,3915.895778,80995.42742,10180.72318,4041.184073
2021,E07000011,East,Huntingdonshire,3816.680786,67054.5439,9141.400477,4022.005194
2021,E07000012,East,South Cambridgeshire,4257.778584,78083.85661,10317.86084,4586.590898
2021,E07000066,East,Basildon,3774.707091,62251.86113,7931.496161,3866.309594
2021,E07000067,East,Braintree,4035.901321,41041.66669,7044.265075,4163.554847
2021,E07000068,East,Brentwood,4219.172483,44258.5196,7308.127721,4621.945262
2021,E07000069,East,Castle Point,3948.176343,36585.76081,5789.13013,4033.58803
2021,E07000070,East,Chelmsford,4029.340874,58766.017,8030.847025,4179.341598
2021,E07000071,East,Colchester,3715.37269,46107.14258,7104.497448,3760.887568
2021,E07000072,East,Epping Forest,4372.657047,36336.8137,7107.368797,4546.343691
2021,E07000073,East,Harlow,3255.059584,75637.663,8536.959833,3601.313399
2021,E07000074,East,Maldon,4602.464437,45213.23185,8117.848702,4784.790627
2021,E07000075,East,Rochford,3983.465606,45027.64996,6623.171653,4120.934927
2021,E07000076,East,Tendring,3647.681178,36880.6704,6126.889133,3867.286583
2021,E07000077,East,Uttlesford,4743.938907,49419.50919,8828.07052,4986.953234
2021,E07000095,East,Broxbourne,3804.381269,64427.57051,8248.519138,4010.196022
2021,E07000096,East,Dacorum,3835.400201,80504.90079,9694.157641,3904.935802
2021,E07000098,East,Hertsmere,4102.170096,65336.74707,8701.808145,4405.615871
2021,E07000099,East,North Hertfordshire,3913.510832,47613.9537,7637.135524,4008.916854
2021,E07000102,East,Three Rivers,4259.733728,65943.7415,8323.422099,4286.047817
2021,E07000103,East,Watford,3540.659062,75088.63003,9375.46845,3670.524313
2021,E07000143,East,Breckland,4227.80014,49499.35709,8224.224849,4384.654333
2021,E07000144,East,Broadland,3872.179125,50438.56216,7011.926822,4040.208411
2021,E07000145,East,Great Yarmouth,3634.260011,38499.56879,6626.381365,3866.347955
2021,E07000146,East,King's Lynn and West Norfolk,4439.286959,65750.53396,9711.765898,5070.553879
2021,E07000147,East,North Norfolk,4279.100712,50962.37216,8886.501099,4926.92992
2021,E07000148,East,Norwich,2957.944074,39941.65577,6617.712615,3113.929497
2021,E07000149,East,South Norfolk,4266.472532,53797.855,8078.062455,4387.743017
2021,E07000200,East,Babergh,4317.36932,42351.0155,7658.703021,4424.643606
2021,E07000202,East,Ipswich,3355.485387,42819.85259,6411.948478,3487.952234
2021,E07000203,East,Mid Suffolk,4536.554523,60950.21902,9378.834262,4652.753675
2021,E07000240,East,St Albans,4050.035964,44612.31266,7132.357286,4262.539561
2021,E07000241,East,Welwyn Hatfield,3780.748924,131037.2695,12966.09051,3776.390802
2021,E07000242,East,East Hertfordshire,4332.900728,46906.3031,7816.936076,4481.23835
2021,E07000243,East,Stevenage,3305.12409,84494.64625,8665.358523,3352.230123
2021,E07000244,East,East Suffolk,3831.399152,56092.503,8185.290838,4087.458429
2021,E07000245,East,West Suffolk,3943.388732,74157.0598,10341.86374,4215.511581
2021,E09000001,Inner London,City of London,3847.223097,234148.099,116491.4654,6281.822027
2021,E09000007,Inner London,Camden,3112.365513,45979.3514,11228.24297,2907.150708
2021,E09000012,Inner London,Hackney,2909.508673,30484.82932,6469.898981,2762.811163
2021,E09000013,Inner London,Hammersmith and Fulham,3059.436668,44448.08823,8362.891751,3398.180467
2021,E09000014,Inner London,Haringey,3049.52479,41108.07534,6135.336376,3156.289923
2021,E09000019,Inner London,Islington,2830.327137,37043.19455,7697.139139,2820.741335
2021,E09000020,Inner London,Kensington and Chelsea,3847.94582,43194.45522,10727.72246,4505.158101
2021,E09000022,Inner London,Lambeth,2889.103999,31862.84301,6013.79969,3025.622856
2021,E09000023,Inner London,Lewisham,3028.366716,22242.77875,4658.35153,2999.484891
2021,E09000025,Inner London,Newham,3033.528902,83341.48087,9516.538353,3273.164665
2021,E09000028,Inner London,Southwark,3037.960282,47265.00946,7934.510619,3219.069932
2021,E09000030,Inner London,Tower Hamlets,3090.436656,119349.8259,15939.09182,3140.565302
2021,E09000032,Inner London,Wandsworth,3203.273841,28149.97857,5594.965415,3596.64427
2021,E09000033,Inner London,Westminster,3685.447479,66610.06591,18284.11709,3804.089641
2021,E09000002,Outer London,Barking and Dagenham,3169.335084,54530.66549,6708.043075,3168.687819
2021,E09000003,Outer London,Barnet,3894.464596,34029.41425,6259.300163,4005.577562
2021,E09000004,Outer London,Bexley,3531.954661,54856.62291,6888.546758,3555.071213
2021,E09000005,Outer London,Brent,3304.891193,51190.40805,8192.677893,3545.123206
2021,E09000006,Outer London,Bromley,3691.288155,31910.00783,5770.039263,3719.038659
2021,E09000008,Outer London,Croydon,3488.912098,44886.16186,6581.467569,3666.281031
2021,E09000009,Outer London,Ealing,3258.541716,68710.37654,8597.182315,3785.16347
2021,E09000010,Outer London,Enfield,3601.325573,53348.44421,7055.135296,3532.063458
2021,E09000011,Outer London,Greenwich,3032.1127,43935.85763,6081.682955,3235.680204
2021,E09000015,Outer London,Harrow,3651.763119,28058.32277,5291.990869,3944.485725
2021,E09000016,Outer London,Havering,3587.161984,46945.48546,6497.859769,3600.474241
2021,E09000017,Outer London,Hillingdon,3619.873619,125485.8749,12081.47956,3790.413129
2021,E09000018,Outer London,Hounslow,3530.328168,94146.83624,10378.05738,3750.373253
2021,E09000021,Outer London,Kingston upon Thames,3718.341299,44757.05451,7199.705418,3686.982898
2021,E09000024,Outer London,Merton,3485.896729,55481.83479,7708.387881,3816.86279
2021,E09000026,Outer London,Redbridge,3654.584267,28497.41763,5464.253062,3538.835671
2021,E09000027,Outer London,Richmond upon Thames,3798.087151,33273.1842,6459.1053,3871.689103
2021,E09000029,Outer London,Sutton,3644.582246,51400.66063,7009.72823,3736.362881
2021,E09000031,Outer London,Waltham Forest,3090.772574,33277.8172,5448.523478,3203.669273
2021,E06000035,South East,Medway,3449.453758,48219.56891,6349.356061,3594.66493
2021,E06000036,South East,Bracknell Forest,3900.47731,85587.85394,8522.263093,4036.117253
2021,E06000037,South East,West Berkshire,4541.865501,72851.7011,10841.80817,4808.608232
2021,E06000038,South East,Reading,3518.061634,65810.55266,8719.797562,3875.945476
2021,E06000039,South East,Slough,3541.189468,288051.703,25250.92161,3587.214838
2021,E06000040,South East,Windsor and Maidenhead,4337.094968,56342.85749,9076.886504,4541.91877
2021,E06000041,South East,Wokingham,4018.419642,70553.59269,7953.21641,4316.197425
2021,E06000042,South East,Milton Keynes,3507.880295,96171.41371,10050.11092,3838.840735
2021,E06000043,South East,Brighton and Hove,3189.916978,29210.52604,5825.703211,3252.604508
2021,E06000044,South East,Portsmouth,3171.435501,64725.02625,7845.554431,3197.253182
2021,E06000045,South East,Southampton,3443.984643,50498.56174,6992.006652,3713.844442
2021,E06000046,South East,Isle of Wight,3504.165698,34531.43381,6366.11274,3882.07059
2021,E06000060,South East,Buckinghamshire,4351.418203,46674.54499,7747.69664,4603.091999
2021,E07000061,South East,Eastbourne,3175.084154,35587.15911,6039.949499,3271.702314
2021,E07000062,South East,Hastings,3199.014477,30230.66192,5566.170368,3231.854779
2021,E07000063,South East,Lewes,3774.180967,33529.03549,6214.39702,3854.875225
2021,E07000064,South East,Rother,4062.829992,32903.2985,6722.557692,4187.674641
2021,E07000065,South East,Wealden,4435.189437,29364.47093,6654.811171,4530.585531
2021,E07000084,South East,Basingstoke and Deane,3881.710764,79035.94863,8894.842815,4204.885972
2021,E07000085,South East,East Hampshire,4281.085541,37618.50075,7022.102126,4674.346587
2021,E07000086,South East,Eastleigh,3458.369373,73115.38399,7579.337427,3619.415973
2021,E07000087,South East,Fareham,3550.541442,63126.07142,7334.009024,3582.317433
2021,E07000088,South East,Gosport,3354.756633,50304.20895,6194.61006,3394.672903
2021,E07000089,South East,Hart,4138.065017,90916.91065,10019.08588,4498.363539
2021,E07000090,South East,Havant,3485.609719,47268.73518,6108.468471,3568.504732
2021,E07000091,South East,New Forest,3894.155096,52408.76914,7985.425781,4020.076908
2021,E07000092,South East,Rushmoor,3426.923209,70366.15041,7941.916943,3747.2109
2021,E07000093,South East,Test Valley,4123.164929,59306.21851,8883.211973,4530.678885
2021,E07000094,South East,Winchester,4255.137912,53394.19287,9136.876296,4639.724525
2021,E07000105,South East,Ashford,4016.285983,46998.43848,7812.392808,4083.855505
2021,E07000106,South East,Canterbury,3550.132074,52031.29089,7854.072351,3556.241822
2021,E07000107,South East,Dartford,3453.711737,56298.20156,7533.335398,3572.293163
2021,E07000108,South East,Dover,3315.844703,41429.15378,6316.974536,3377.227241
2021,E07000109,South East,Gravesham,3529.244819,80129.33778,8794.760188,3642.018789
2021,E07000110,South East,Maidstone,3845.806392,54147.61286,7797.848253,4006.540541
2021,E07000111,South East,Sevenoaks,4649.215194,36727.14146,7473.492285,4752.911358
2021,E07000112,South East,Folkestone and Hythe,3514.034863,42257.8915,6907.386455,3502.202646
2021,E07000113,South East,Swale,3640.446182,82789.47684,9653.201572,3628.781768
2021,E07000114,South East,Thanet,3270.016843,39706.51495,6239.960663,3442.207765
2021,E07000115,South East,Tonbridge and Malling,3958.654579,58937.61331,8186.606712,4049.034487
2021,E07000116,South East,Tunbridge Wells,4304.526507,51931.97815,8851.858446,4390.925913
2021,E07000177,South East,Cherwell,3976.139545,69474.80184,9345.435235,4457.443144
2021,E07000178,South East,Oxford,3416.556758,80281.74472,11305.09774,3805.177468
2021,E07000179,South East,South Oxfordshire,4413.837694,77630.26411,10671.66064,5019.04819
2021,E07000180,South East,Vale of White Horse,4017.986985,80714.18475,10134.00952,4306.926345
2021,E07000181,South East,West Oxfordshire,4290.844441,52725.67314,8875.053076,4752.420903
2021,E07000207,South East,Elmbridge,4792.998899,41206.36934,7832.962921,5086.641296
2021,E07000208,South East,Epsom and Ewell,3977.127242,34509.65319,6069.486562,4103.333164
2021,E07000209,South East,Guildford,4258.677876,54779.17956,8698.869071,4458.304587
2021,E07000210,South East,Mole Valley,4565.157887,56123.12572,9494.253207,4637.249634
2021,E07000211,South East,Reigate and Banstead,4098.886171,58381.70943,8297.421057,4303.118202
2021,E07000212,South East,Runnymede,4272.083352,67598.73568,9559.421138,4447.108541
2021,E07000213,South East,Spelthorne,3783.292716,59981.73734,7521.601251,4146.940553
2021,E07000214,South East,Surrey Heath,4253.522169,60165.62487,8404.322321,4612.105404
2021,E07000215,South East,Tandridge,4620.519522,37336.54163,7504.651815,4773.628385
2021,E07000216,South East,Waverley,4523.381285,32217.19583,6882.507584,4940.224353
2021,E07000217,South East,Woking,4169.270537,100536.1956,11475.29584,4602.595683
2021,E07000223,South East,Adur,3558.303215,51673.52762,7059.682302,3608.561735
2021,E07000224,South East,Arun,3596.828217,33813.10697,5748.607918,3774.045282
2021,E07000225,South East,Chichester,4378.307441,47709.15784,8648.642849,4841.530126
2021,E07000226,South East,Crawley,3383.709225,121034.5601,11697.69954,3454.152027
2021,E07000227,South East,Horsham,4336.678163,39952.50451,7380.551232,4519.705065
2021,E07000228,South East,Mid Sussex,4013.214294,40348.90298,6861.517335,4284.675792
2021,E07000229,South East,Worthing,3446.05404,33893.73229,5837.702991,3489.147586
2021,E06000022,South West,Bath and North East Somerset,3672.482742,33506.76529,6517.644406,3929.519781
2021,E06000023,South West,"Bristol, City of",3216.531016,51539.85399,7357.807408,3338.007241
2021,E06000024,South West,North Somerset,3505.000426,45544.51174,6775.716619,3576.552467
2021,E06000025,South West,South Gloucestershire,3563.294682,75212.54335,8375.238864,3661.340381
2021,E06000026,South West,Plymouth,3052.166923,58537.73571,7065.668884,3307.703791
2021,E06000027,South West,Torbay,3343.075797,30999.85966,5666.13511,3544.263006
2021,E06000030,South West,Swindon,3398.82206,89635.10168,8620.716851,3534.547083
2021,E06000052,South West,Cornwall,4357.447277,37031.76885,7875.463532,4905.438897
2021,E06000054,South West,Wiltshire,4213.579453,54127.5448,8646.71131,4455.031627
2021,E06000058,South West,"Bournemouth, Christchurch and Poole",3421.097095,41384.47161,6655.894987,3631.333965
2021,E06000059,South West,Dorset,3808.345303,40044.8588,7582.971126,4120.906144
2021,E07000040,South West,East Devon,3678.586915,30014.93547,6163.990365,3977.395128
2021,E07000041,South West,Exeter,3119.388331,61233.53982,8391.014755,3159.288804
2021,E07000042,South West,Mid Devon,4167.520252,40308.18644,8392.819477,4260.261267
2021,E07000043,South West,North Devon,3826.313263,37778.78903,8003.603795,4234.193014
2021,E07000044,South West,South Hams,4276.745067,39318.09563,8400.673726,5068.363365
2021,E07000045,South West,Teignbridge,3728.213959,31414.62041,6269.97471,3946.87609
2021,E07000046,South West,Torridge,4085.931123,26665.23154,6924.516659,4268.15552
2021,E07000047,South West,West Devon,4238.285058,31954.5938,7766.650141,4508.762899
2021,E07000078,South West,Cheltenham,3357.681559,60357.47256,7625.658964,3684.955965
2021,E07000079,South West,Cotswold,4844.257237,31284.12583,8014.812607,5435.41281
2021,E07000080,South West,Forest of Dean,4221.231885,61235.18726,8964.45417,4468.195388
2021,E07000081,South West,Gloucester,3349.442063,72570.56835,8230.418917,3600.866431
2021,E07000082,South West,Stroud,4002.151883,54683.37024,8116.12362,4291.392493
2021,E07000083,South West,Tewkesbury,3720.137326,77947.6813,9334.158046,3908.140486
2021,E07000187,South West,Mendip,3861.848564,47482.69556,8547.586584,4060.135114
2021,E07000188,South West,Sedgemoor,3865.650716,59380.60673,9027.97169,4032.932938
2021,E07000189,South West,South Somerset,4036.966827,44100.29891,7867.477042,4336.528208
2021,E06000053,South West,Isles of Scilly,6465.483918,18237.63257,10079.67923,8640.2376
2021,E07000246,South West,Somerset West and Taunton,3702.118995,35730.44936,6856.763102,3946.665756
2021,W06000001,Wales,Isle of Anglesey,3923.450874,37125.91626,7074.930558,4472.366094
2021,W06000002,Wales,Gwynedd,3809.704511,29966.77723,7105.366633,4281.323429
2021,W06000003,Wales,Conwy,3286.723715,28674.76236,5825.884816,3529.889102
2021,W06000004,Wales,Denbighshire,3573.732033,38830.05359,6997.973646,3772.109741
2021,W06000005,Wales,Flintshire,3416.031126,139447.49,13407.97422,3527.074223
2021,W06000006,Wales,Wrexham,3377.167768,130590.2373,12520.8328,3446.050384
2021,W06000008,Wales,Ceredigion,4387.147998,31671.1971,8276.36321,4824.078256
2021,W06000009,Wales,Pembrokeshire,3581.740919,86646.09492,13677.40007,3923.504741
2021,W06000010,Wales,Carmarthenshire,3506.239267,52484.00598,8534.487848,3670.775421
2021,W06000011,Wales,Swansea,3057.469583,58718.8787,6843.870035,3150.076643
2021,W06000012,Wales,Neath Port Talbot,3037.179881,274430.2744,19610.12964,3193.579274
2021,W06000013,Wales,Bridgend,3113.018252,63582.31103,7262.085524,3190.867109
2021,W06000014,Wales,Vale of Glamorgan,3384.467686,81094.77706,8530.045198,3437.446376
2021,W06000015,Wales,Cardiff,3172.355825,73692.81724,8329.573488,3176.974613
2021,W06000016,Wales,Rhondda Cynon Taf,2943.929566,52137.40177,5941.1599,3043.046262
2021,W06000018,Wales,Caerphilly,3073.215781,68005.49776,7050.315186,3160.572364
2021,W06000019,Wales,Blaenau Gwent,2856.582299,72184.54521,7412.318038,2966.357902
2021,W06000020,Wales,Torfaen,2995.805967,89050.31693,8354.887013,3097.486715
2021,W06000021,Wales,Monmouthshire,3754.659718,46851.91658,7878.846534,3962.234685
2021,W06000022,Wales,Newport,3143.230044,128417.0111,11094.46049,3266.914819
2021,W06000023,Wales,Powys,3987.565304,27306.1632,7524.036603,4189.460857
2021,W06000024,Wales,Merthyr Tydfil,2916.067503,59516.18642,6319.703477,3163.208422
2021,S12000005,Scotland,Clackmannanshire,3121.330842,139163.2252,10434.55991,3372.70188
2021,S12000006,Scotland,Dumfries and Galloway,3629.318103,46343.88636,8540.517185,4241.722038
2021,S12000008,Scotland,East Ayrshire,3022.804943,51100.80254,6283.815105,3222.157499
2021,S12000010,Scotland,East Lothian,3478.680591,72398.87897,7973.917498,3874.017846
2021,S12000011,Scotland,East Renfrewshire,3545.099876,36247.67523,4981.12473,3707.137324
2021,S12000013,Scotland,Na h-Eileanan Siar,4482.580136,31664.40197,7201.9384,6492.371385
2021,S12000014,Scotland,Falkirk,3123.63854,78833.93177,7334.325829,3448.837516
2021,S12000017,Scotland,Highland,4360.262897,53688.51195,9536.592811,5642.674632
2021,S12000018,Scotland,Inverclyde,2822.485577,60688.29555,6224.554531,3172.414897
2021,S12000019,Scotland,Midlothian,3216.813403,68929.41085,7264.943253,3403.324993
2021,S12000020,Scotland,Moray,3642.826527,60815.29653,8743.221698,4057.836312
2021,S12000021,Scotland,North Ayrshire,3067.467821,69495.78372,7279.700231,3502.489843
2021,S12000023,Scotland,Orkney Islands,5479.423822,24937.83394,8129.935299,7493.333638
2021,S12000026,Scotland,Scottish Borders,3550.761306,35749.43023,6997.51892,4211.84145
2021,S12000027,Scotland,Shetland Islands,5492.450772,43001.04526,9246.818977,9011.491147
2021,S12000028,Scotland,South Ayrshire,3180.549563,47375.18561,6798.006518,3570.815469
2021,S12000029,Scotland,South Lanarkshire,3319.246966,50750.27255,6177.23792,3634.905882
2021,S12000030,Scotland,Stirling,3747.296392,61369.49506,9180.683846,4198.382302
2021,S12000033,Scotland,Aberdeen City,2877.768318,68292.96318,7061.442707,3387.466763
2021,S12000034,Scotland,Aberdeenshire,4130.525248,49333.94686,8475.432614,4631.654483
2021,S12000035,Scotland,Argyll and Bute,4323.405765,32207.60827,7370.647292,5999.459939
2021,S12000036,Scotland,City of Edinburgh,2973.582177,57119.44282,6926.973883,3375.842292
2021,S12000038,Scotland,Renfrewshire,2843.153099,72124.11693,6676.428301,3077.338876
2021,S12000039,Scotland,West Dunbartonshire,2722.048677,63830.58332,6444.791049,3008.352155
2021,S12000040,Scotland,West Lothian,3251.399212,76480.85735,7903.817866,3403.821104
2021,S12000041,Scotland,Angus,3582.05655,50618.18177,7553.405697,4011.945016
2021,S12000042,Scotland,Dundee City,3124.865221,56304.38292,6499.347344,3615.900427
2021,S12000045,Scotland,East Dunbartonshire,3423.188411,56513.39095,6117.019702,3610.170825
2021,S12000047,Scotland,Fife,3130.333084,63857.415,7147.050208,3448.387045
2021,S12000048,Scotland,Perth and Kinross,3954.410173,40806.43859,7502.312923,4601.265408
2021,S12000049,Scotland,Glasgow City,2655.500756,62166.84053,6749.847107,3004.695725
2021,S12000050,Scotland,North Lanarkshire,3070.191989,79505.11809,7205.250348,3279.709916
